{
    "009BA758-7060-4479-8EE8-FB9B40C8FB97": {
        "name": "韩国和日本的夜晚"
    },
    "B1B5DDC5-73C8-4920-8133-BACCE38A08DE": {
        "name": "墨西哥城到纽约"
    },
    "7719B48A-2005-4011-9280-2F64EEC6FD91": {
        "name": "加利福尼亚北部到巴哈"
    },
    "B876B645-3955-420E-99DF-60139E451CF3": {
        "name": "武陵源国家公园 1"
    },
    "9CCB8297-E9F5-4699-AE1F-890CFBD5E29C": {
        "name": "龙脊梯田"
    },
    "D5E76230-81A3-4F65-A1BA-51B8CADED625": {
        "name": "武陵源国家公园 2"
    },
    "F0236EC5-EE72-4058-A6CE-1F7D2E8253BF": {
        "name": "万里长城 1"
    },
    "22162A9B-DB90-4517-867C-C676BC3E8E95": {
        "name": "万里长城 2"
    },
    "044AD56C-A107-41B2-90CC-E60CCACFBCF5": {
        "name": "万里长城 3"
    },
    "876D51F4-3D78-4221-8AD2-F9E78C0FD9B9": {
        "name": "谢赫扎耶德路"
    },
    "E991AC0C-F272-44D8-88F3-05F44EDFE3AE": {
        "name": "码头 1"
    },
    "00BA71CD-2C54-415A-A68A-8358E677D750": {
        "name": "市区"
    },
    "3FFA2A97-7D28-49EA-AA39-5BC9051B2745": {
        "name": "码头 2"
    },
    "9680B8EB-CE2A-4395-AF41-402801F4D6A6": {
        "name": "靠近哈利法塔"
    },
    "2F11E857-4F77-4476-8033-4A1E4610AFCC": {
        "name": "谢赫扎耶德路",
        "pointsOfInterest": {
            "0": "沿着谢赫扎耶德路向前"
        }
    },
    "B8F204CE-6024-49AB-85F9-7CA2F6DCD226": {
        "name": "努苏阿克半岛"
    },
    "2F52E34C-39D4-4AB1-9025-8F7141FAA720": {
        "name": "伊卢利萨特冰峡湾"
    },
    "EE01F02D-1413-436C-AB05-410F224A5B7B": {
        "name": "伊卢利萨特冰峡湾"
    },
    "499995FA-E51A-4ACE-8DFD-BDF8AFF6C943": {
        "name": "Waimamu 山谷"
    },
    "12E0343D-2CD9-48EA-AB57-4D680FB6D0C7": {
        "name": "Laupāhoehoe Nui"
    },
    "b2-2": {
        "name": "Honopū 山谷"
    },
    "258A6797-CC13-4C3A-AB35-4F25CA3BF474": {
        "name": "Pu‘u O ‘Umi"
    },
    "3D729CFC-9000-48D3-A052-C5BD5B7A6842": {
        "name": "卡哈拉海岸线"
    },
    "82BD33C9-B6D2-47E7-9C42-AA3B7758921A": {
        "name": "Pu‘u O ‘Umi"
    },
    "FE8E1F9D-59BA-4207-B626-28E34D810D0A": {
        "name": "维多利亚港 1"
    },
    "C8559883-6F3E-4AF2-8960-903710CD47B7": {
        "name": "太平山"
    },
    "024891DE-B7F6-4187-BFE0-E6D237702EF0": {
        "name": "湾仔"
    },
    "64EA30BD-C4B5-4CDD-86D7-DFE47E9CB9AA": {
        "name": "维多利亚港 2"
    },
    "E99FA658-A59A-4A2D-9F3B-58E7BDC71A9A": {
        "name": "维多利亚港"
    },
    "001C94AE-2BA4-4E77-A202-F7DE60E8B1C8": {
        "name": "利瓦绿洲 1"
    },
    "AFA22C08-A486-4CE8-9A13-E355B6C38559": {
        "name": "利瓦绿洲 2"
    },
    "58754319-8709-4AB0-8674-B34F04E7FFE2": {
        "name": "泰晤士河",
        "pointsOfInterest": {
            "0": "接近伦敦泰晤士河上的塔桥",
            "40": "经过右侧的“小黄瓜”",
            "70": "经过泰晤士河上的塔桥，后面是市政厅，右面是伦敦塔",
            "85": "经过右侧的“对讲机”，靠近“贝尔法斯特”巡洋舰",
            "115": "沿着泰晤士河向西，左侧是碎片大厦，右侧是圣保罗大教堂",
            "135": "经过南沃克大教堂, 右侧是圣保罗大教堂",
            "175": "经过莎士比亚环球报社",
            "230": "经过左侧的滑铁卢车站，泰晤士河背面是威斯敏斯特宫（国会大厦）",
            "260": "经过左侧BFI IMAX影院，影院后面是伦敦眼",
            "280": "穿过泰晤士河前往威斯敏斯特",
            "300": "靠近右侧的查令十字车站",
            "312": "靠近左侧中央的骑兵卫队游行和圣詹姆斯公园",
            "324": "经过右侧的圣马丁教堂，教堂左侧是海军拱门、纳尔逊纪念碑和特拉法加广场"
        }
    },
    "A5AAFF5D-8887-42BB-8AFD-867EF557ED85": {
        "name": "白金汉宫",
        "pointsOfInterest": {
            "0": "经过右侧的惠灵顿拱桥",
            "12": "飞越白金汉宫花园，左侧是绿园",
            "24": "飞跃白金汉宫",
            "40": "飞跃维多利亚纪念碑，右侧是惠灵顿军营",
            "55": "沿着鸟笼道经过圣詹姆斯公园",
            "90": "经过白厅的外交和联邦办事处，左侧是骑兵卫队游行，右侧是英国财政部",
            "102": "经过赛诺塔，左侧是国防部，右侧是大本钟和威斯敏斯特宫（议会大楼）",
            "125": "穿过泰晤士河，飞越伦敦眼",
            "160": "经过伦敦南部的滑铁卢车站，左侧是BFI IMAX",
            "270": "经过左侧的南沃克大教堂",
            "285": "经过右侧的碎片大厦",
            "305": "经过泰晤士河中的“贝尔法斯特”巡洋舰",
            "330": "从塔桥穿过泰晤士河，左侧是市政厅，右侧是伦敦塔"
        }
    },
    "F604AF56-EA77-4960-AEF7-82533CC1A8B3": {
        "name": "黄昏时刻的泰晤士河",
        "pointsOfInterest": {
            "0": "沿着泰晤士河前往塔桥，右侧是伦敦塔",
            "25": "穿过泰晤士河，经过市政厅",
            "35": "经过泰晤士河中的“贝尔法斯特”巡洋舰",
            "60": "靠近碎片大厦",
            "92": "向西飞跃南沃克前往伦敦南部的兰贝斯",
            "200": "经过左侧的兰贝斯宫和右侧的滑铁卢车站",
            "245": "穿过泰晤士河前往威斯敏斯特宫（议会大厦）",
            "265": "经过威斯敏斯特宫（议会大厦），后面是威斯敏斯特教堂"
        }
    },
    "7F4C26C2-67C2-4C3A-8F07-8A7BF6148C97": {
        "name": "黄昏时的泰晤士河",
        "pointsOfInterest": {
            "0": "沿着泰晤士河前往塔桥，右侧是伦敦塔",
            "28": "沿着泰晤士河向西，经过右侧的市政厅",
            "40": "经过泰晤士河中的“贝尔法斯特”巡洋舰，左侧是碎片大厦，右侧是“对讲机”",
            "75": "经过左侧的南沃克大教堂",
            "110": "经过右侧的圣保罗大教堂",
            "130": "经过左前方的莎士比亚环球报社",
            "210": "继续沿着泰晤士河前往威斯敏斯特",
            "300": "在泰晤士河上经过伦敦眼",
            "315": "接近大本钟和议会大厦，右侧是威斯敏斯特修道院"
        }
    },
    "CE279831-1CA7-4A83-A97B-FF1E20234396": {
        "name": "洛杉矶国际机场",
        "pointsOfInterest": {
            "0": "从洛杉矶国际机场一路向西",
            "80": "穿过主题高塔",
            "210": "穿过汤姆布拉德利国际航站楼"
        }
    },
    "35693AEA-F8C4-4A80-B77D-C94B20A68956": {
        "name": "港口高速公路",
        "pointsOfInterest": {
            "0": "沿着港口高速公路（110号州际公路）向北经过洛杉矶南部",
            "50": "穿越世纪高速公路（105号州际公路）",
            "65": "经过世纪高速公路旁地铁绿线的港口高速公路站",
            "170": "穿越帝国高速公路"
        }
    },
    "92E48DE9-13A1-4172-B560-29B4668A87EE": {
        "name": "圣塔莫尼卡海滩"
    },
    "89B1643B-06DD-4DEC-B1B0-774493B0F7B7": {
        "name": "格里菲斯天文台"
    },
    "EC67726A-8212-4C5E-83CF-8412932740D2": {
        "name": "好莱坞山",
        "pointsOfInterest": {
            "0": "穿过好莱坞山，沿着比奇伍德大道一路向北",
            "60": "穿过海滩林峡谷继续向北",
            "250": "经过李山通讯中心，前往加利福尼亚州伯班克"
        }
    },
    "F5804DD6-5963-40DA-9FA0-39C0C6E6DEF9": {
        "name": "市区",
        "pointsOfInterest": {
            "0": "靠近洛杉矶市中心，左侧是MTA大楼（黄色）和联合车站（粉红色）",
            "35": "经过天使圣母大教堂",
            "55": "经过洛杉矶音乐中心",
            "65": "穿过好莱坞高速公路，沿着港口高速公路穿过市区向南",
            "105": "经过华特迪士尼音乐厅",
            "120": "经过左侧市政厅（淡蓝色）",
            "180": "经过图书馆大楼",
            "200": "经过博纳旺蒂尔酒店",
            "230": "明亮的洛杉矶中央图书馆出现在博纳旺蒂尔酒店后面",
            "275": "经过威尔希尔大中心（在建）",
            "365": "经过 L.A. Live",
            "395": "经过丽思卡尔顿酒店和斯台普斯中心",
            "425": "经过洛杉矶会议中心",
            "495": "靠近圣莫尼卡高速公路"
        }
    },
    "3BA0CFC7-E460-4B59-A817-B97F9EBB9B89": {
        "name": "中央公园"
    },
    "b1-3": {
        "name": "曼哈顿下城"
    },
    "840FE8E4-D952-4680-B1A7-AC5BACA2C1F8": {
        "name": "上东区"
    },
    "44166C39-8566-4ECA-BD16-43159429B52F": {
        "name": "第七大道"
    },
    "640DFB00-FBB9-45DA-9444-9F663859F4BC": {
        "name": "曼哈顿下城"
    },
    "b8-2": {
        "name": "马林海岬"
    },
    "EE533FBD-90AE-419A-AD13-D7A60E2015D6": {
        "name": "迷雾中的马林海岬",
        "pointsOfInterest": {
            "0": "沿着101号公路穿过马林海岬前往金门大桥",
            "20": "马蹄湾出现在左侧",
            "105": "经过右侧的斯班瑟炮台",
            "155": "穿过金门大桥前往旧金山"
        }
    },
    "DE851E6D-C2BE-4D9F-AB54-0F9CE994DC51": {
        "name": "海湾和金门"
    },
    "b8-3": {
        "name": "阿拉莫广场",
        "pointsOfInterest": {
            "0": "阿拉莫广场的彩绘仕女",
            "35": "左侧是圣玛丽大教堂，背景是旧金山市区",
            "70": "市政厅的圆顶在右侧开始显露",
            "210": "市政厅的圆顶在右侧完全显现"
        }
    },
    "85CE77BF-3413-4A7B-9B0F-732E96229A73": {
        "name": "市场街的内河码头",
        "pointsOfInterest": {
            "0": "从旧金山海湾沿西南方向前往旧金山渡轮大厦",
            "150": "前往旧金山港口渡轮大厦和内河码头",
            "210": "在旧金山市区沿着市场街的西南方前行"
        }
    },
    "b4-3": {
        "name": "要塞到金门",
        "pointsOfInterest": {
            "0": "离开旧金山要塞前往金门大桥",
            "190": "穿过金门大桥前往马林海岬"
        }
    },
    "72B4390D-DF1D-4D51-B179-229BBAEFFF2C": {
        "name": "金门"
    },
    "b6-4": {
        "name": "旧金山市区和科伊特塔",
        "pointsOfInterest": {
            "0": "泛美金字塔矗立在旧金山市中心",
            "100": "在旧金山市区欣赏到科伊特塔的美景"
        }
    },
    "29BDF297-EB43-403A-8719-A78DA11A2948": {
        "name": "渔人码头",
        "pointsOfInterest": {
            "0": "经过渔人码头向东南方前行",
            "27": "经过“欧布莱恩”号自由舰",
            "47": "经过“潘帕尼托”号潜艇",
            "80": "经过旧金山北滩",
            "115": "接近电报山上的科伊特塔，背景是海湾大桥和旧金山市区",
            "135": "接近电报山上的科伊特塔，右方中央是圣彼得与圣保罗大教堂"
        }
    },
    "b5-3": {
        "name": "市场街的内河码头",
        "pointsOfInterest": {
            "0": "从旧金山海湾沿西南方向前往旧金山渡轮大厦",
            "150": "前往旧金山港口渡轮大厦和内河码头",
            "210": "在旧金山沿着市场街的西南方前行"
        }
    },
    "3E94AE98-EAF2-4B09-96E3-452F46BC114E": {
        "name": "海湾大桥"
    },
    "b2-4": {
        "name": "旧金山市区和苏特罗塔",
        "pointsOfInterest": {
            "0": "前往旧金山金融区，背景是苏特罗塔",
            "10": "经过泛美金字塔",
            "50": "前美国银行总部遮挡了太阳"
        }
    },
    "4AD99907-9E76-408D-A7FC-8429FF014201": {
        "name": "海湾和内河码头"
    },
    "03EC0F5E-CCA8-4E0A-9FEC-5BD1CE151182": {
        "name": "南极洲"
    },
    "737E9E24-49BE-4104-9B72-F352DE1AD2BF": {
        "name": "北美极光"
    },
    "A837FA8C-C643-4705-AE92-074EFDD067F7": {
        "name": "非洲之夜"
    },
    "2F72BC1E-3D76-456C-81EB-842EBA488C27": {
        "name": "非洲和中东"
    },
    "12318CCB-3F78-43B7-A854-EFDCCE5312CD": {
        "name": "加利福尼亚到拉斯维加斯"
    },
    "D5CFB2FF-5F8C-4637-816B-3E42FC1229B8": {
        "name": "加勒比"
    },
    "4F881F8B-A7D9-4FDB-A917-17BF6AC5A589": {
        "name": "加勒比日"
    },
    "7825C73A-658F-48EE-B14C-EC56673094AC": {
        "name": "中国"
    },
    "E5DB138A-F04E-4619-B896-DE5CB538C534": {
        "name": "意大利到亚洲"
    },
    "F439B0A7-D18C-4B14-9681-6520E6A74FE9": {
        "name": "伊朗和阿富汗"
    },
    "7C643A39-C0B2-4BA0-8BC2-2EAA47CC580E": {
        "name": "爱尔兰到亚洲"
    },
    "63C042F0-90EF-4A95-B7CC-CC9A64BF8421": {
        "name": "西非到阿尔卑斯山"
    },
    "78911B7E-3C69-47AD-B635-9C2486F6301D": {
        "name": "新西兰"
    },
    "E556BBC5-D0A0-4DB1-AC77-BC76E4A526F4": {
        "name": "撒哈拉和意大利"
    }
}